Tensor,Dimensions,Rank,Gs,Entanglement
"2,2,2",2×2×2,7,"[4, 3]",-0.1635316847583111
"2,2,3",2×2×3,11,"[7, 3, 1]",-0.20190260758745626
"2,2,4",2×2×4,14,"[3, 10, 0, 1]",-0.46059476214114486
"2,2,5",2×2×5,18,"[6, 7, 1, 4, 0]",-0.533296150845912
"2,2,6",2×2×6,21,"[6, 15, 0, 0, 0, 0]",-0.3615737363468669
"2,2,7",2×2×7,25,"[8, 14, 3, 0, 0, 0, 0]",-0.40666721044673926
"2,2,8",2×2×8,28,"[8, 15, 4, 0, 1, 0, 0, 0]",-0.45222199221496734
"2,3,3",2×3×3,15,"[4, 9, 2]",-0.3800483900310939
"2,3,4",2×3×4,20,"[8, 12, 0, 0]",-0.23356675154201254
"2,3,5",2×3×5,25,"[6, 15, 3, 1, 0]",-0.42085200062698147
"2,4,4",2×4×4,26,"[8, 13, 3, 2]",-0.37233520966496314
"2,4,5",2×4×5,33,"[9, 16, 6, 2, 0]",-0.42746499654065195
"2,5,5",2×5×5,40,"[8, 13, 13, 5, 1]",-0.5727010191357469
"3,3,3",3×3×3,23,"[13, 7, 3]",-0.19391244253020948
"3,3,4",3×3×4,29,"[8, 12, 7, 2]",-0.4313851987591879
"3,3,5",3×3×5,36,"[10, 13, 12, 1, 0]",-0.431871870141804
"3,4,4",3×4×4,38,"[13, 11, 12, 2]",-0.3869260744084026
"3,4,5",3×4×5,47,"[15, 10, 17, 2, 3]",-0.46237289422198774
"3,4,11",3×4×11,103,"[25, 25, 36, 10, 2, 4, 1, 0, 0, 0, 0]",-0.5584657973722476
"3,5,5",3×5×5,58,"[16, 16, 17, 6, 3]",-0.4828315125331887
"3,5,9",3×5×9,105,"[27, 32, 23, 6, 7, 7, 3, 0, 0]",-0.5621395784124763
"3,9,11",3×9×11,225,"[30, 21, 36, 4, 3, 6, 65, 36, 24, 0, 0]",-1.185957713295497
"4,4,4",4×4×4,49,"[16, 24, 0, 9]",-0.3270633695166222
"4,4,5",4×4×5,63,"[25, 12, 12, 10, 4]",-0.42462886777593634
"4,5,5",4×5×5,76,"[40, 4, 12, 16, 4]",-0.3120683860602363
"4,5,9",4×5×9,139,"[40, 33, 29, 21, 4, 5, 5, 2, 0]",-0.5554075695633879
"4,5,10",4×5×10,152,"[64, 24, 24, 32, 0, 0, 4, 4, 0, 0]",-0.4062542962735713
"4,5,11",4×5×11,169,"[18, 59, 15, 68, 2, 4, 3, 0, 0, 0, 0]",-0.7295642377314062
"4,9,10",4×9×10,255,"[19, 71, 37, 71, 18, 17, 0, 18, 2, 2]",-0.8086825122634731
"4,9,11",4×9×11,280,"[14, 73, 28, 98, 7, 23, 5, 20, 8, 0, 4]",-0.8968826352053864
"4,11,11",4×11×11,343,"[17, 81, 33, 99, 27, 32, 12, 20, 9, 6, 7]",-0.9552051522251978
"4,11,12",4×11×12,366,"[16, 96, 50, 122, 12, 36, 0, 18, 2, 2, 0, 12]",-0.8648640949234097
"5,5,5",5×5×5,98,"[45, 47, 6, 0, 0]",-0.1563434476777207
"5,5,7",5×5×7,134,"[32, 36, 37, 9, 8, 10, 2]",-0.5745726373768084
"5,7,9",5×7×9,234,"[25, 66, 42, 49, 18, 21, 6, 5, 2]",-0.7834399413649661
"5,7,10",5×7×10,257,"[35, 96, 29, 69, 12, 8, 0, 6, 0, 2]",-0.643615096798932
"5,7,11",5×7×11,280,"[32, 47, 44, 13, 15, 20, 14, 18, 15, 22, 40]",-1.1212576417679085
"5,8,9",5×8×9,262,"[30, 73, 47, 45, 28, 22, 6, 8, 3]",-0.7662229334927103
"5,8,10",5×8×10,287,"[41, 104, 32, 74, 14, 14, 0, 6, 0, 2]",-0.6245586634872593
"5,8,11",5×8×11,317,"[31, 88, 37, 76, 27, 35, 8, 8, 2, 4, 1]",-0.8121140545332317
"5,9,9",5×9×9,296,"[36, 74, 44, 53, 33, 29, 9, 13, 5]",-0.8138709115085437
"5,9,10",5×9×10,323,"[47, 103, 31, 86, 10, 21, 0, 13, 8, 4]",-0.6969331014902732
"5,9,11",5×9×11,358,"[30, 94, 49, 74, 21, 34, 15, 12, 17, 5, 7]",-0.894088628525799
"5,9,12",5×9×12,381,"[32, 81, 52, 92, 18, 58, 3, 11, 8, 7, 1, 18]",-0.9195700469658685
"6,7,9",6×7×9,270,"[30, 96, 15, 87, 12, 7, 23, 0, 0]",-0.7014552735391006
"6,7,10",6×7×10,296,"[44, 84, 58, 33, 20, 33, 6, 9, 6, 3]",-0.6956788919398891
"6,7,11",6×7×11,322,"[24, 62, 41, 44, 17, 41, 30, 23, 6, 6, 28]",-1.037067863343868
"6,8,10",6×8×10,329,"[56, 78, 67, 36, 26, 42, 6, 9, 6, 3]",-0.6713899488940431
"6,8,11",6×8×11,365,"[34, 96, 61, 68, 29, 50, 13, 7, 3, 4, 0]",-0.780779440435453
"6,9,9",6×9×9,342,"[44, 95, 61, 41, 53, 20, 6, 9, 13]",-0.7298657201394643
"6,9,10",6×9×10,373,"[57, 87, 67, 55, 32, 46, 8, 0, 12, 9]",-0.7204575606508518
"6,9,11",6×9×11,411,"[28, 95, 55, 63, 34, 64, 20, 10, 17, 10, 15]",-0.943301277295111
"7,7,9",7×7×9,318,"[41, 78, 45, 46, 38, 31, 19, 12, 8]",-0.8160226892664122
"7,7,10",7×7×10,350,"[46, 89, 44, 65, 32, 37, 13, 12, 8, 4]",-0.7920236326127787
"7,7,11",7×7×11,384,"[36, 71, 51, 64, 41, 34, 25, 12, 9, 12, 29]",-0.9927456000816015
"7,8,9",7×8×9,354,"[34, 66, 61, 64, 34, 31, 30, 18, 16]",-0.8973256751909062
"7,8,10",7×8×10,393,"[71, 67, 68, 62, 17, 47, 7, 23, 9, 22]",-0.7923112668815364
"7,8,11",7×8×11,432,"[35, 78, 70, 59, 51, 68, 25, 25, 11, 9, 1]",-0.9521348950045392
"7,8,12",7×8×12,462,"[46, 74, 89, 81, 18, 71, 18, 21, 25, 7, 8, 4]",-0.916237691179346
"7,9,9",7×9×9,399,"[41, 96, 81, 46, 20, 60, 21, 4, 30]",-0.8368031365874733
"7,9,10",7×9×10,441,"[36, 115, 56, 108, 28, 56, 10, 25, 2, 5]",-0.8308745150360377
"7,9,11",7×9×11,481,"[34, 73, 42, 57, 13, 30, 17, 28, 55, 47, 85]",-1.2452956926212733
"7,9,12",7×9×12,510,"[24, 66, 32, 58, 12, 42, 4, 52, 28, 76, 52, 64]",-1.3554545819399342
"7,10,10",7×10×10,478,"[78, 88, 74, 88, 24, 47, 14, 31, 7, 27]",-0.7825119234155089
"7,10,11",7×10×11,536,"[51, 113, 64, 59, 30, 57, 44, 21, 33, 13, 51]",-1.0087597048248886
"7,11,11",7×11×11,582,"[25, 109, 28, 107, 27, 70, 67, 30, 56, 16, 47]",-1.1520410791319804
"8,8,10",8×8×10,441,"[100, 107, 67, 67, 24, 34, 23, 3, 13, 3]",-0.5950772853642106
"8,8,11",8×8×11,489,"[34, 107, 54, 82, 40, 72, 24, 19, 27, 13, 17]",-0.9787053400763882
"8,9,10",8×9×10,489,"[42, 94, 74, 88, 44, 68, 19, 16, 28, 16]",-0.9008596768911121
"8,9,11",8×9×11,533,"[28, 52, 44, 49, 6, 13, 19, 33, 72, 66, 151]",-1.4109156683097908
"8,9,12",8×9×12,560,"[16, 44, 8, 36, 4, 20, 148, 20, 24, 216, 24, 0]",-1.4747420536257163
"8,10,10",8×10×10,532,"[112, 148, 70, 102, 24, 24, 20, 20, 0, 12]",-0.5519142050090398
"8,10,11",8×10×11,596,"[33, 119, 72, 91, 44, 93, 28, 19, 38, 19, 40]",-1.0236419475142733
"8,10,12",8×10×12,636,"[34, 122, 107, 98, 68, 121, 8, 22, 18, 12, 4, 22]",-0.9357064394624739
"8,11,11",8×11×11,649,"[31, 121, 59, 125, 46, 74, 36, 32, 36, 29, 60]",-1.0716085450863453
"8,11,12",8×11×12,691,"[33, 123, 124, 97, 58, 150, 4, 21, 6, 18, 6, 51]",-0.9728085190139383
"9,9,9",9×9×9,498,"[52, 54, 12, 14, 0, 166, 0, 0, 200]",-1.2392042639497975
"9,9,10",9×9×10,534,"[16, 48, 12, 46, 31, 36, 65, 72, 59, 149]",-1.4064800342311075
"9,9,11",9×9×11,576,"[18, 53, 32, 46, 17, 27, 56, 31, 49, 79, 168]",-1.433985756149408
"9,10,10",9×10×10,606,"[69, 117, 152, 64, 31, 71, 6, 25, 47, 24]",-0.8191893836664155
"9,10,11",9×10×11,657,"[24, 74, 59, 79, 46, 69, 64, 35, 42, 58, 107]",-1.2688537840311134
"9,10,12",9×10×12,696,"[10, 54, 36, 112, 19, 38, 71, 132, 28, 80, 40, 76]",-1.3911719246127878
"9,11,11",9×11×11,725,"[29, 44, 40, 113, 89, 70, 96, 57, 71, 97, 19]",-1.2897173853424482
"9,11,12",9×11×12,760,"[24, 44, 16, 28, 0, 8, 64, 112, 56, 104, 132, 172]",-1.6126364575832082
"10,10,10",10×10×10,682,"[121, 249, 62, 180, 0, 50, 0, 20, 0, 0]",-0.5284435858311622
"10,10,11",10×10×11,746,"[55, 108, 88, 98, 54, 72, 56, 58, 46, 60, 51]",-1.1055068252822213
"10,10,12",10×10×12,798,"[48, 116, 90, 122, 34, 88, 42, 110, 22, 28, 18, 80]",-1.1284184525763292
"10,11,11",10×11×11,821,"[52, 167, 83, 129, 59, 104, 38, 51, 42, 41, 55]",-1.031930611769462
"10,11,12",10×11×12,874,"[44, 90, 45, 80, 55, 40, 53, 162, 53, 9, 64, 179]",-1.3707097627547848
"10,12,12",10×12×12,928,"[22, 64, 42, 144, 88, 70, 274, 46, 28, 38, 36, 76]",-1.2957783525906925
"11,11,11",11×11×11,896,"[94, 154, 20, 58, 0, 247, 0, 3, 24, 48, 248]",-1.1844559338908633
"11,11,12",11×11×12,941,"[8, 92, 16, 58, 60, 115, 108, 56, 40, 84, 24, 280]",-1.5063177037194746
"11,12,12",11×12×12,990,"[20, 34, 140, 100, 144, 58, 6, 52, 104, 84, 128, 120]",-1.3467010041675993
